WAIC,pWAIC,dWAIC,weight,SE,dSE,model
106.04260001010715,12.777127699236521,0,0.7870731686435286,11.32058717694753,NA,m4b
108.65734531685978,15.556696569622858,2.6147453067526243,0.21292682504871194,10.688449797412888,3.8819902033740656,m5b
144.45127423934977,7.390080691755899,38.40867422924262,3.5948226553259552e-9,12.131366923299963,13.003607651353407,m1b
145.03904770699265,7.581672002240207,38.9964476968855,2.679440288697435e-9,11.996318415993972,12.931196674582313,m6b
153.80288971140516,4.837385235747839,47.76028970129801,3.3496541744205053e-11,12.502854631741648,12.966050997801151,m3b
209.29458601876772,4.718685903713115,103.25198600866057,2.9862847947375265e-23,13.542159198774415,13.852791348896442,m2b
209.5263533016873,2.4619715355633236,103.48375329158014,2.659522059524904e-23,16.394532607382942,16.671340016721736,m0b
